{
  "project_info": {
    "project_number": "561387942416",
    "firebase_url": "https://mapmarker-563a7.firebaseio.com",
    "project_id": "mapmarker-563a7",
    "storage_bucket": "mapmarker-563a7.appspot.com"
  },
  "client": [
    {
      "client_info": {
        "mobilesdk_app_id": "1:561387942416:android:c0467a300a2b9168ed1095",
        "android_client_info": {
          "package_name": "com.example.gmapmarker"
        }
      },
      "oauth_client": [
        {
          "client_id": "561387942416-6km7662er7e13cqd4sfjuo3dml9f3tbv.apps.googleusercontent.com",
          "client_type": 3
        }
      ],
      "api_key": [
        {
          "current_key": "AIzaSyBVbH5cf5fgdxWbFPzOkIdBeinBJO7193M"
        }
      ],
      "services": {
        "appinvite_service": {
          "other_platform_oauth_client": [
            {
              "client_id": "561387942416-6km7662er7e13cqd4sfjuo3dml9f3tbv.apps.googleusercontent.com",
              "client_type": 3
            }
          ]
        }
      }
    }
  ],
  "configuration_version": "1"
}